{
  "Total" : {
    "transaction" : "Total",
    "sampleCount" : 7500,
    "errorCount" : 6119,
    "errorPct" : 81.58667,
    "meanResTime" : 1729.7564000000023,
    "medianResTime" : 1089.0,
    "minResTime" : 237.0,
    "maxResTime" : 64045.0,
    "pct1ResTime" : 2909.800000000001,
    "pct2ResTime" : 3401.95,
    "pct3ResTime" : 7302.839999999975,
    "throughput" : 13.803892697740762,
    "receivedKBytesPerSec" : 8.213864356623567,
    "sentKBytesPerSec" : 6.901946348870381
  },
  "HTTP Request" : {
    "transaction" : "HTTP Request",
    "sampleCount" : 7500,
    "errorCount" : 6119,
    "errorPct" : 81.58667,
    "meanResTime" : 1729.7564000000023,
    "medianResTime" : 1089.0,
    "minResTime" : 237.0,
    "maxResTime" : 64045.0,
    "pct1ResTime" : 2909.800000000001,
    "pct2ResTime" : 3401.95,
    "pct3ResTime" : 7302.839999999975,
    "throughput" : 13.803892697740762,
    "receivedKBytesPerSec" : 8.213864356623567,
    "sentKBytesPerSec" : 6.901946348870381
  }
}